,source,target
0,@Queen_Q1978,@tequieremos
1,@Georges37704025,@wdeguerpel
2,@gezegendunya75,@ProfSFindik
3,@EVERALDATLARGE,@AlboMP
4,@EVERALDATLARGE,@SpectatorOz
5,@MaraPer46623254,@NancyEs78964067
6,@shikari,@RoyalFamily
7,@shikari,@BBCBreaking
8,@shikari,@lesbeaann53
9,@shikari,@FabVeronika
10,@shikari,@AlexMayer283
11,@shikari,@JPJarod
12,@shikari,@KaishaWaldron
13,@Cliff_Reeve,@RoyalFamily
14,@SamuelAsfaw13,@afizejem
15,@Pulga_Phil_M,@rarible
16,@PbacClub,@rarible
17,@lifeasafrica,@officialABAT
18,@emirbaba,@SedefKabas
19,@uz_oguzlar,@JoeBiden
20,@uz_oguzlar,@AlsisiOfficial
21,@uz_oguzlar,@EmmanuelMacron
22,@uz_oguzlar,@CasaReal
23,@jean_marc_Nauts,@RTLFrance
24,@jean_marc_Nauts,@LaurentGerra
25,@TravelTomorrowX,@atout_france
26,@TravelTomorrowX,@RoyalFamily
27,@TravelTomorrowX,@ParisJeTaime
28,@TravelTomorrowX,@visitparisreg
29,@BeirutcomMag,@BeirutcomMag
30,@ZuhalDiser,@tcbestepe
31,@ZuhalDiser,@Akparti
32,@ZuhalDiser,@RTErdogan
33,@drzarni,@nslwin
34,@salimhja,@KeChepkirui
35,@BloomTec,@Haqeeqat_TV
36,@BloomTec,@timduncaan
37,@HavvaGenc,@RTErdogan
38,@AmelieCorbani,@OuestFrance
39,@serpilberat,@AlcayirCengiz
40,@Ww3_poltcs,@PoliticsJOE_UK
41,@mer54191803,@LoveDaBunda
42,@Contrepoints,@AdelinRemy
43,@KarwanFaidhiDri,@NwenarFatih
44,@MayGod2022,@Sucluincelemesi
45,@MayGod2022,@iletisim
46,@MayGod2022,@EdRothschild
47,@MayGod2022,@FBI
48,@MayGod2022,@USArmy
49,@MayGod2022,@RoyalFamily
50,@MayGod2022,@rockcenternyc
51,@MayGod2022,@RoyalNavy
52,@MayGod2022,@CIA
53,@MayGod2022,@BillGates
54,@MayGod2022,@Pontifex_ln
55,@MayGod2022,@UN_HRC
56,@MayGod2022,@KremlinRussia
57,@MayGod2022,@NATO
58,@MayGod2022,@EUCouncil
59,@MayGod2022,@UN
60,@MayGod2022,@RTErdogan
61,@MayGod2022,@PKU1898
62,@MayGod2022,@PEnn
63,@MayGod2022,@Harvard
64,@MayGod2022,@UniofOxford
65,@MayGod2022,@Yale
66,@MayGod2022,@Stanford
67,@MayGod2022,@Cornell
68,@MayGod2022,@Princeton
69,@MayGod2022,@Cambridge_Uni
70,@NPORadio1,@beatricedegraaf
71,@NPORadio1,@StefanPaas
72,@sifansifan36,@SahleWorkZewde
73,@AMIStaDeS_2017,@BBCWorld
74,@AMIStaDeS_2017,@GettyImages
75,@WilliamCobbett4,@trussliz
76,@WilliamCobbett4,@BWallaceMP
77,@WilliamCobbett4,@geoffreyMyers1
78,@WilliamCobbett4,@RichardJMurphy
79,@DJDylan06040642,@visitkarlsruhen
80,@Grard05542415,@refdag
81,@Grard05542415,@BenGidding
82,@NNehoreka,@MoFA_ZW
83,@NNehoreka,@ShavaHon
84,@NNehoreka,@edmnangagwa
85,@kgupta_7,@trussliz
86,@MarcusVegetable,@YouTube
87,@DrMTahir1987,@praveenswami
88,@DrMTahir1987,@ShekharGupta
89,@SylvieNeidinger,@purepeople
90,@SylvieNeidinger,@Yahoo
91,@SylvieNeidinger,@Midilibre
92,@no_retreatx,@Laurieluvsmolly
93,@no_retreatx,@taradublinrocks
94,@no_retreatx,@RandyRRQuaid
95,@yuriavista,@yuriavista
96,@veNus_2910,@van_canci
97,@veNus_2910,@Knesix
98,@sirjackwindsor,@piersmorgan
99,@sirjackwindsor,@TalkTV
100,@sirjackwindsor,@PiersUncensored
101,@Hak__Ak,@omermurat_
102,@ironworker1,@Newsweek
103,@asefwaheed,@RoyalFamily
104,@PakistaniPost47,@AtikaRehman
105,@PakistaniPost47,@SayeedaWarsi
106,@PakistaniPost47,@Afzal4Gorton
107,@PakistaniPost47,@SHKMEP
108,@PakistaniPost47,@muftitaqiusmani
109,@PakistaniPost47,@SaqibAhmedRaja
110,@PakistaniPost47,@ARSyed1
111,@PakistaniPost47,@MurtazaViews
112,@PakistaniPost47,@drfareehafaisal
113,@PakistaniPost47,@SirajOfficial
114,@PakistaniPost47,@MuftiPopalzai
115,@MerjaErapolku,@JyriKomulainen
116,@swagsteveagain,@itvnews
117,@swagsteveagain,@piersmorgan
118,@swagsteveagain,@BBCNews
119,@asg_news,@asg_news
120,@KrishnaBrjbala,@ddichorgaye
121,@AJEY388,@ImRo45
122,@AJEY388,@BCCI
123,@CarolienKrijnen,@PennyRed
124,@jftaveira1993,@freedomrideblog
125,@ArteDesintox,@artefr
126,@Annamariatrees,@op1npo
127,@maxarcidiacono,@oggisettimanale
128,@Strategies,@Conversationnel
129,@K62266,@kilicdarogluk
130,@K62266,@tugce_kazaz1
131,@lanpirak,@sedat_peker
132,@lanpirak,@yilmazsozcu
133,@Aahmet27025398,@RTErdogan
134,@Aahmet27025398,@dbdevletbahceli
135,@Aahmet27025398,@Akparti
136,@Aahmet27025398,@BY
137,@Aahmet27025398,@fahrettinaltun
138,@Aahmet27025398,@DIBAliErbas
139,@PascalDrouhaud,@Jenriquerobles
140,@PascalDrouhaud,@RoyalFamily
141,@PascalDrouhaud,@globovision
142,@NIZAMULMULK_58,@RTErdogan
143,@DiabeticCyborgg,@adeniran
144,@merve58344771,@TubaElver
145,@ReikiFresco,@thismorning
146,@ReikiFresco,@JuliaHB1
147,@ReikiFresco,@Schofe
148,@ReikiFresco,@hollywills
149,@MDS_Updates,@ChristineTacon
150,@MDS_Updates,@FarmersWeekly
151,@DBhaskarHindi,@DBhaskarHindi
152,@B_Menesewicz,@__Lewica
153,@hakan_simsek07,@TCAytunCiray
154,@hakan_simsek07,@POTUS
155,@AkoKarimy,@AkoKarimy
156,@DeniizFTW,@MevlutCavusoglu
157,@buy1_best,@buy1_best
158,@m06y42,@birincimucahit
159,@peyamakurd,@IKRPresident
160,@bkampmark,@eurekastreet
161,@TBN228,@FEGnassingbe
162,@yasarsaban52,@SaadetPartisi
163,@yasarsaban52,@EmreEmreusta
164,@yasarsaban52,@SaadetIstanbul
165,@muharremkocadg,@LutfuTurkkan
166,@MughalNazi158,@HMQueen
167,@MughalNazi158,@PakPMO
168,@Mr_COP_officer,@_RowanAtkinson
169,@AnonSamurai00,@kaitonomia
170,@AnonSamurai00,@Zincpyr1thione
171,@yolkurdu06,@RTErdogan
172,@ilvocio,@Cassandracaru
173,@Mirayislam2,@RTErdogan
174,@lindependant,@lindependant
175,@Cdanslair,@France5tv
176,@HubertDeMeulder,@NOS
177,@GarconsOfficiel,@bernstephane
178,@EKH_Fr,@KingSalman
179,@bedane_mesfin,@Buckingham
180,@deje_dejen,@sanusi90064
181,@ari_stotel,@anabrnabic
182,@fuzuli41,@RTErdogan
183,@hasanselcik20,@komikrtweetler
184,@hasanselcik20,@ismailabimm
185,@Civil_Supremo,@javerias
186,@MaurilioVitto,@Marco_dreams
187,@MaurilioVitto,@erny110393
188,@BRAVENEWEUROPE1,@SonaliKolhatkar
189,@KSAmofaFRA,@KingSalman
190,@NEWSEXPRESS,@newsexpress
191,@Levercors,@Cdanslair
192,@vatannivat1,@vatannivat1
193,@muhsin_ozturk42,@misvakdergi
194,@MSMscarecrow,@rashtrapatibhvn
195,@MSMscarecrow,@BBCWorld
196,@nathan19832012,@elizabeth10kapl
197,@ReneNow,@UniteWomenOrgNY
198,@ShirwacYabe,@TerraAbdirizak
199,@ShirwacYabe,@safiirk
200,@ShirwacYabe,@ahmednasirlaw
201,@ShirwacYabe,@TheVillaSomalia
202,@ShirwacYabe,@kingofSomaliaa
203,@ShirwacYabe,@SSCVoices
204,@ShirwacYabe,@jibrilmo903
205,@ShirwacYabe,@awdal_waaye
206,@ShirwacYabe,@SomPundit
207,@ShirwacYabe,@Mahraj01
208,@ShirwacYabe,@Wadani_Hubeysan
209,@ShirwacYabe,@MunaLayla1
210,@ShirwacYabe,@EGaraad_
211,@ShirwacYabe,@HassanSMohamud
212,@JonBoles3,@RepDerekKilmer
213,@JRICAT,@RoyalFamily
214,@Suspender_Sue,@Football
215,@Suspender_Sue,@FAPremierLeague
216,@Suspender_Sue,@SkySportsPL
217,@Suspender_Sue,@EFL
218,@Suspender_Sue,@SunderlandAFC
219,@Suspender_Sue,@ManUtd
220,@Suspender_Sue,@NUFC
221,@Suspender_Sue,@SkyFootball
222,@EKDIN_News,@EKDIN_News
223,@MelanieFineRea1,@NatGeo
224,@Churchill45,@JoeBiden
